{"cameraMode":{"drawMode":0,"name":"Shaded","section":"Shading Mode"},"sceneLighting":true,"audioPlay":false,"sceneViewState":{"showFog":true,"showMaterialUpdate":false,"showSkybox":true,"showFlares":true,"showImageEffects":true,"showParticleSystems":true},"in2DMode":false,"pivot":{"x":-0.2672940194606781,"y":1.1333869695663453,"z":-11.974743843078614},"rotation":{"x":-0.06908722221851349,"y":0.9275615215301514,"z":-0.21552902460098267,"w":-0.2973268926143646},"size":10.0,"orthographic":false}